"dataset","n_samples","n_taxa","melsi_F","melsi_p","melsi_significant","melsi_time","euclidean_F","euclidean_p","euclidean_significant","euclidean_time"
"Power_small",100,200,1.73181166887189,0.05,FALSE,13.0302410125732,1.02969096072659,0.4,FALSE,0.0100991725921631
"Power_medium",100,200,1.93886213781667,0.05,FALSE,13.2014789581299,1.14404204726744,0.1,FALSE,0.0129389762878418
"Power_large",100,200,2.84847815629158,0.05,FALSE,12.3952341079712,1.77024167679187,0.05,FALSE,0.00797009468078613
