"dataset","n_samples","n_taxa","effect_size","melsi_with_prefilter_F","melsi_with_prefilter_p","melsi_with_prefilter_time","melsi_without_prefilter_F","melsi_without_prefilter_p","melsi_without_prefilter_time","F_improvement","time_reduction"
"Prefilter_Test1",100,500,"small",1.91783980150131,0.05,29.3626458644867,1.00315199628321,0.0526315789473684,80.7758119106293,0.914687805218099,51.4131660461426
"Prefilter_Test2",100,200,"medium",1.97045345532074,0.05,13.188325881958,1.01658308421677,0.0526315789473684,22.7285690307617,0.953870371103963,9.54024314880371
"Prefilter_Test3",100,100,"large",3.83047473749653,0.05,10.7042660713196,1.88693631664618,0,12.8599100112915,1.94353842085035,2.15564393997192
